{
  "success": true,
  "result_id": 1754218141,
  "target_column": "HDL",
  "feature_columns": [
    "QA",
    "NCGA",
    "CGA"
  ],
  "iterations": 1000,
  "target_statistics": {
    "mean": 1.05,
    "std": 0.2872281323269014,
    "min": 0.6,
    "max": 1.5
  },
  "simulation_statistics": {
    "mean": 1.16042093587286,
    "std": 0.33102944191839256,
    "min": 0.28400946079989764,
    "max": 1.726352799283402
  },
  "feature_importance": {
    "QA": 0.044,
    "NCGA": 0.086,
    "CGA": 0.012
  },
  "confidence_intervals": {
    "90%": {
      "lower": 0.9005854550252889,
      "upper": 1.1994145449747113
    },
    "95%": {
      "lower": 0.8719741591790675,
      "upper": 1.2280258408209326
    },
    "99%": {
      "lower": 0.816023180635346,
      "upper": 1.2839768193646541
    }
  },
  "simulation_summary": {
    "total_simulations": 1000,
    "successful_simulations": 1000,
    "failed_simulations": 0,
    "execution_time": 1.39
  }
}