{
  "success": true,
  "result_id": 1754218135,
  "target_column": "HDL",
  "feature_columns": [
    "QA",
    "NCGA",
    "CGA",
    "CCGA",
    "CA",
    "PIS",
    "HYP",
    "AST",
    "GUA",
    "RUT",
    "VR",
    "VG",
    "PB2 ",
    "PC1",
    "EPI",
    "OA",
    "UA  ",
    "MA",
    "CRA",
    "QUE",
    "MDA"
  ],
  "iterations": 1000,
  "target_statistics": {
    "mean": 0.77415,
    "std": 0.06706211672770254,
    "min": 0.656,
    "max": 0.919
  },
  "simulation_statistics": {
    "mean": 0.7073451400026897,
    "std": 0.07810008436425765,
    "min": 0.4642774277968602,
    "max": 1.1100922325013283
  },
  "feature_importance": {
    "QA": 0.093,
    "NCGA": 0.062,
    "CGA": 0.094,
    "CCGA": 0.024,
    "CA": 0.025,
    "PIS": 0.086,
    "HYP": 0.048,
    "AST": 0.02,
    "GUA": 0.064,
    "RUT": 0.027,
    "VR": 0.022,
    "VG": 0.072,
    "PB2 ": 0.078,
    "PC1": 0.079,
    "EPI": 0.043,
    "OA": 0.054,
    "UA  ": 0.065,
    "MA": 0.065,
    "CRA": 0.076,
    "QUE": 0.035,
    "MDA": 0.063
  },
  "confidence_intervals": {
    "90%": {
      "lower": 0.7599081130415785,
      "upper": 0.7883918869584216
    },
    "95%": {
      "lower": 0.7571809431984764,
      "upper": 0.7911190568015236
    },
    "99%": {
      "lower": 0.7518478110608547,
      "upper": 0.7964521889391453
    }
  },
  "simulation_summary": {
    "total_simulations": 1000,
    "successful_simulations": 1000,
    "failed_simulations": 0,
    "execution_time": 2.11
  }
}