{
  "success": true,
  "result_id": 1754217796,
  "target_column": "HDL",
  "feature_columns": [
    "QA",
    "NCGA",
    "CGA",
    "CCGA",
    "CA",
    "PIS",
    "HYP",
    "AST",
    "GUA",
    "RUT",
    "VR",
    "VG",
    "PB2 ",
    "PC1",
    "EPI",
    "OA",
    "UA  ",
    "MA",
    "CRA",
    "QUE",
    "MDA"
  ],
  "iterations": 1000,
  "target_statistics": {
    "mean": 0.6858500000000001,
    "std": 0.17202914723964657,
    "min": 0.507,
    "max": 1.061
  },
  "simulation_statistics": {
    "mean": 0.6391550684922259,
    "std": 0.13899387772867347,
    "min": 0.1519175229949583,
    "max": 1.2126647690230452
  },
  "feature_importance": {
    "QA": 0.051,
    "NCGA": 0.072,
    "CGA": 0.028,
    "CCGA": 0.015,
    "CA": 0.077,
    "PIS": 0.08,
    "HYP": 0.031,
    "AST": 0.044,
    "GUA": 0.066,
    "RUT": 0.078,
    "VR": 0.052,
    "VG": 0.075,
    "PB2 ": 0.056,
    "PC1": 0.017,
    "EPI": 0.05,
    "OA": 0.012,
    "UA  ": 0.063,
    "MA": 0.094,
    "CRA": 0.074,
    "QUE": 0.086,
    "MDA": 0.048
  },
  "confidence_intervals": {
    "90%": {
      "lower": 0.6493164131093758,
      "upper": 0.7223835868906243
    },
    "95%": {
      "lower": 0.642320619875001,
      "upper": 0.7293793801249991
    },
    "99%": {
      "lower": 0.6286399575500012,
      "upper": 0.7430600424499989
    }
  },
  "simulation_summary": {
    "total_simulations": 1000,
    "successful_simulations": 1000,
    "failed_simulations": 0,
    "execution_time": 1.15
  }
}