{
  "success": true,
  "result_id": 1754218152,
  "target_column": "HDL",
  "feature_columns": [
    "QA",
    "NCGA",
    "CGA",
    "CCGA",
    "CA",
    "PIS",
    "HYP",
    "AST",
    "GUA",
    "RUT",
    "VR",
    "VG",
    "PB2 ",
    "PC1",
    "EPI",
    "OA",
    "UA  ",
    "MA",
    "CRA",
    "QUE",
    "MDA"
  ],
  "iterations": 1000,
  "target_statistics": {
    "mean": 0.77415,
    "std": 0.06706211672770254,
    "min": 0.656,
    "max": 0.919
  },
  "simulation_statistics": {
    "mean": 0.7151333494328461,
    "std": 0.05947031859174219,
    "min": 0.2448350283357239,
    "max": 1.1225362667186827
  },
  "feature_importance": {
    "QA": 0.073,
    "NCGA": 0.055,
    "CGA": 0.098,
    "CCGA": 0.089,
    "CA": 0.026,
    "PIS": 0.011,
    "HYP": 0.028,
    "AST": 0.034,
    "GUA": 0.047,
    "RUT": 0.07,
    "VR": 0.03,
    "VG": 0.012,
    "PB2 ": 0.077,
    "PC1": 0.049,
    "EPI": 0.044,
    "OA": 0.019,
    "UA  ": 0.055,
    "MA": 0.016,
    "CRA": 0.06,
    "QUE": 0.045,
    "MDA": 0.077
  },
  "confidence_intervals": {
    "90%": {
      "lower": 0.7599081130415785,
      "upper": 0.7883918869584216
    },
    "95%": {
      "lower": 0.7571809431984764,
      "upper": 0.7911190568015236
    },
    "99%": {
      "lower": 0.7518478110608547,
      "upper": 0.7964521889391453
    }
  },
  "simulation_summary": {
    "total_simulations": 1000,
    "successful_simulations": 1000,
    "failed_simulations": 0,
    "execution_time": 1.74
  }
}