{
  "analysis_id": "mc_1754853638",
  "iterations": 1000,
  "target_efficacy": 33,
  "tolerance": 0.1,
  "valid_samples": 126,
  "success_rate": 0.126,
  "optimal_ranges": [
    {
      "component": "QA",
      "min": 0.22,
      "max": 0.5,
      "mean": 0.36,
      "std": 0.047
    },
    {
      "component": "NCGA",
      "min": 0.18,
      "max": 0.32,
      "mean": 0.25,
      "std": 0.023
    },
    {
      "component": "CGA",
      "min": 0.3,
      "max": 0.5,
      "mean": 0.4,
      "std": 0.033
    }
  ],
  "distribution": [
    0.2727278831302084,
    0.18952111330699567,
    0.3083333476662524,
    1.2921474792358711,
    1.6049507922896318,
    0.9021039369193996,
    0.22070264168871856,
    0.8250766443624198,
    1.9926306224561838,
    1.1053172556883604,
    1.9450489174658745,
    1.7354814342455462,
    0.12181394169135731,
    1.4693714567843699,
    1.395249701150492,
    1.120243627776711,
    0.6069678609098312,
    1.3178274173016353,
    0.3119491298321652,
    0.9260539762712994,
    0.9620750420254922,
    1.9122502622900523,
    1.7641205867185688,
    0.6004391964270724,
    1.0511136147955669,
    0.43943857300724964,
    1.833992894755159,
    1.7539852826898572,
    0.6670451037524024,
    1.3140040402454098,
    1.2570434017325274,
    0.3903946102443061,
    1.5487705201427875,
    1.124820157227289,
    1.5793903093980606,
    1.1076719771708372,
    0.10108660264309266,
    0.7158965083088789,
    0.13700581053308136,
    1.8652873709027724,
    1.76957156786405,
    1.6801645057862409,
    0.6842768382650567,
    0.21005781633895634,
    1.768218238487677,
    1.8992039460661887,
    0.26274155892896967,
    1.0233818803015662,
    0.23150378508992886,
    1.54514411398874,
    1.5550854156832767,
    0.34394378254954927,
    1.0030365183875896,
    1.1446268276403935,
    0.6036075949861123,
    1.757622778061989,
    0.9039620863816851,
    0.5024165903399559,
    1.1246625686809708,
    1.4868690312709547,
    0.48218702044042216,
    0.6922609534717004,
    1.9907837776556998,
    1.3347683095149616,
    0.9323901594375577,
    1.0833940979676222,
    0.32990797214970485,
    0.526924940359959,
    0.7423625680801651,
    1.2177865650687434,
    0.5372179919334963,
    0.5184130304579629,
    0.2348868634171618,
    1.299095618813188,
    0.5349893892411933,
    1.8202980247116431,
    1.7333072604821185,
    0.23462896478844153,
    0.5522088053010908,
    1.3710577787629332,
    0.5070499340038334,
    0.35139251257754744,
    1.8774770571032748,
    1.1849818773180405,
    0.9980749499924088,
    1.5907769061524315,
    1.6342442957566226,
    0.46177883728756763,
    0.28416854703476435,
    0.9189972465721172,
    0.9047993837378494,
    0.9873468692696824,
    1.4852441139737163,
    1.379392639857273,
    1.9699139015953357,
    0.28699395518872184,
    0.8649804359943106,
    0.74467495025043,
    1.737177819070303,
    0.5724470344485427
  ],
  "analysis_time": 6.3
}