{
    "皮尔逊相关系数(测试)": 0.86689914953129676,
    "皮尔逊相关系数(训练)": 0.86241166795634516,
    "平均相对误差(测试)": 2.84597275187996,
    "平均相对误差(训练)": 2.48696808718705,
    "平均绝对误差(测试)": 0.0213301656415953,
    "平均绝对误差(训练)": 0.019181112565881477,
    "均方误差(测试)": 0.00078426119873988389,
    "均方误差(训练)": 0.00058318510503990956,
    "归一化均方误差(测试)": 0.15327850873935531,
    "归一化均方误差(训练)": 0.13758833204365603,
    "均方根误差(测试)": 0.028004663874788498,
    "均方根误差(训练)": 0.024149225764813032,
    "模型深度": 9,
    "模型长度": 29
}