{
    "皮尔逊相关系数(测试)": 0.8668991495312971,
    "皮尔逊相关系数(训练)": 0.86241166795634416,
    "平均相对误差(测试)": 2.84597275187996,
    "平均相对误差(训练)": 2.48696808718705,
    "平均绝对误差(测试)": 0.021330165641595289,
    "平均绝对误差(训练)": 0.019181112565881491,
    "均方误差(测试)": 0.00078426119873988346,
    "均方误差(训练)": 0.00058318510503991,
    "归一化均方误差(测试)": 0.15327850873935517,
    "归一化均方误差(训练)": 0.13758833204365606,
    "均方根误差(测试)": 0.028004663874788491,
    "均方根误差(训练)": 0.024149225764813039,
    "模型深度": 11,
    "模型长度": 33
}