{
    "皮尔逊相关系数(测试)": 0.87072209571472137,
    "皮尔逊相关系数(训练)": 0.86001683591470957,
    "平均相对误差(测试)": 2.82362275136901,
    "平均相对误差(训练)": 2.48051448622132,
    "平均绝对误差(测试)": 0.021248478681024353,
    "平均绝对误差(训练)": 0.019199989104899291,
    "均方误差(测试)": 0.000756269177768846,
    "均方误差(训练)": 0.00059333589584469092,
    "归一化均方误差(测试)": 0.14780765892817582,
    "归一化均方误差(训练)": 0.1399831640852911,
    "均方根误差(测试)": 0.027500348684495732,
    "均方根误差(训练)": 0.024358487141953027,
    "模型深度": 11,
    "模型长度": 32
}