{
    "皮尔逊相关系数(测试)": 0.87072209571472114,
    "皮尔逊相关系数(训练)": 0.86001683591470945,
    "平均相对误差(测试)": 2.82362275136901,
    "平均相对误差(训练)": 2.48051448622132,
    "平均绝对误差(测试)": 0.021248478681024374,
    "平均绝对误差(训练)": 0.019199989104899284,
    "均方误差(测试)": 0.00075626917776884647,
    "均方误差(训练)": 0.00059333589584469081,
    "归一化均方误差(测试)": 0.14780765892817591,
    "归一化均方误差(训练)": 0.13998316408529107,
    "均方根误差(测试)": 0.027500348684495739,
    "均方根误差(训练)": 0.024358487141953024,
    "模型深度": 9,
    "模型长度": 28
}