{
    "皮尔逊相关系数(测试)": 0.86776941659869844,
    "皮尔逊相关系数(训练)": 0.87333644430924906,
    "平均相对误差(测试)": 2.74596305113801,
    "平均相对误差(训练)": 2.3574806852981,
    "平均绝对误差(测试)": 0.020585454497077455,
    "平均绝对误差(训练)": 0.018182586660249123,
    "均方误差(测试)": 0.0007346463802544676,
    "均方误差(训练)": 0.00053687909383770245,
    "归一化均方误差(测试)": 0.14358163045309344,
    "归一化均方误差(训练)": 0.12666355569075086,
    "均方根误差(测试)": 0.027104360908430724,
    "均方根误差(训练)": 0.0231706515626493,
    "模型深度": 9,
    "模型长度": 30
}