{
  "expression": "0.348 * 成分A + -0.486 * 成分C",
  "r2": -0.49670187270467214,
  "mse": 1.236714016068293,
  "r2_train": 0.9025301079199499,
  "mse_train": 0.10167724589575591,
  "feature_importance": [
    {
      "feature": "成分A",
      "coefficient": 0.0,
      "importance": 2.5795080455919353
    },
    {
      "feature": "成分C",
      "coefficient": 0.0,
      "importance": 2.0599571774341725
    },
    {
      "feature": "成分B",
      "coefficient": 0.0,
      "importance": 1.5138247579480049
    }
  ],
  "predictions": {
    "actual": [
      -0.5106788322838822,
      -1.2815148055425687,
      0.8382841209188228,
      0.8382841209188228
    ],
    "predicted": [
      1.0543295301722213,
      -1.5968469117752442,
      2.3082814862696637,
      1.3253963239645772
    ]
  },
  "parameters": {
    "population_size": 100,
    "generations": 50,
    "n_features": 3,
    "n_samples": 20,
    "algorithm": "polynomial_regression"
  },
  "timestamp": 1753648928.2725601,
  "model_id": "model_1753648928"
}