{
	"Addition": {
		"Multiplication": {
			"Addition": {
				"Division": {
					"0.0075089 * VR": 0.0196564510771616,
					"Addition": {
						"-1.9105 * HYP": 0.255861250843903,
						"5.4189": 0
					}
				},
				"Division": {
					"Multiplication": {
						"Addition": {
							"2.3379 * HYP": 0.0245600888604456,
							"1.2977 * CA": 0.134997651842973,
							"10.458": 0
						},
						"Addition": {
							"Multiplication": {
								"MA": 0.0915664689038374,
								"Addition": {
									"1.2053 * UA": 0.139791872958965,
									"-1.9323": 0
								},
								"-0.078141": 0
							},
							"-1.9323": 0
						},
						"0.0061587": 0
					},
					"2.9628 * VR": 0.264262090594079
				},
				"Division": {
					"1": 0,
					"-24.78 * HYP": 0.0996617689752506
				},
				"0.92566": 0
			},
			"1.0627": 0
		},
		"-0.059992": 0
	}
}