{
	"Addition": {
		"Division": {
			"Multiplication": {
				"Addition": {
					"2.3379 * HYP": 0.0245600888604455,
					"1.2977 * CA": 0.134997651842973,
					"10.458": 0
				},
				"Addition": {
					"Multiplication": {
						"MA": 0.0915664689038371,
						"Addition": {
							"1.2053 * UA": 0.139791872958965,
							"-1.9323": 0
						},
						"-0.078141": 0
					},
					"-1.9323": 0
				},
				"0.0065447": 0
			},
			"2.9628 * VR": 0.264262090594078
		},
		"Division": {
			"1": 0,
			"-23.318 * HYP": 0.0996617689752501
		},
		"Division": {
			"0.0079795 * VR": 0.0196564510771611,
			"Addition": {
				"-1.9105 * HYP": 0.255861250843903,
				"5.4189": 0
			}
		},
		"0.92369": 0
	}
}