{
  "Addition": {
    "Division": {
      "1": 0,
      "-28.494 * HYP": 0.076351789675616
    },
    "Division": {
      "0.00653 * VR": 0.0208902884673897,
      "Addition": {
        "-1.9105 * HYP": 0.210102360045851,
        "5.4189": 0
      }
    },
    "Division": {
      "Multiplication": {
        "Addition": {
          "0.6015 * QA": 0.0117584596321174,
          "2.3379 * HYP": 0.0228735360067907,
          "1.2977 * CA": 0.113928459255378,
          "10.458": 0
        },
        "Addition": {
          "Multiplication": {
            "MA": 0.108972688038807,
            "Addition": {
              "1.2053 * UA": 0.108144059957083,
              "1.4812 * OA": 0.00688842480665586,
              "-1.9323": 0
            },
            "0.078141": 0
          }
        },
        "0.0053559": 0
      },
      "2.9628 * VR": 0.279624923755845
    },
    "0.93054": 0
  }
}