{
	"Addition": {
		"Division": {
			"0.0075089 * VR": 0.0208950935373935,
			"Addition": {
				"-1.9105 * HYP": 0.24757770847527,
				"5.4189": 0
			}
		},
		"Division": {
			"Multiplication": {
				"Addition": {
					"2.3379 * HYP": 0.0283254630009203,
					"1.2977 * CA": 0.121817221428969,
					"0.6015 * QA": 0.0053471863828628,
					"10.458": 0
				},
				"Addition": {
					"Multiplication": {
						"MA": 0.0812579052747997,
						"Addition": {
							"1.2053 * UA": 0.137119380648785,
							"-1.9323": 0
						},
						"-0.078141": 0
					},
					"-1.9323": 0
				},
				"0.0061587": 0
			},
			"2.9628 * VR": 0.275874028734678
		},
		"Division": {
			"1": 0,
			"-24.78 * HYP": 0.0733317696147628
		},
		"0.92566": 0
	}
}