{
  "Addition": {
    "Multiplication": {
      "Addition": {
        "Division": {
          "1": 0,
          "-28.494 * HYP": 0.0733317696147618
        },
        "Division": {
          "0.00653 * VR": 0.0208950935373927,
          "Addition": {
            "-1.9105 * HYP": 0.247577708475269,
            "5.4189": 0
          }
        },
        "Division": {
          "Multiplication": {
            "Addition": {
              "0.6015 * QA": 0.00534718638286213,
              "2.3379 * HYP": 0.0283254630009195,
              "1.2977 * CA": 0.121817221428969,
              "10.458": 0
            },
            "Addition": {
              "Multiplication": {
                "MA": 0.0812579052747987,
                "Addition": {
                  "1.2053 * UA": 0.137119380648784,
                  "-1.9323": 0
                },
                "-0.078141": 0
              },
              "-1.9323": 0
            },
            "0.0053559": 0
          },
          "2.9628 * VR": 0.275874028734677
        },
        "0.93054": 0
      },
      "1.1499": 0
    },
    "-0.14436": 0
  }
}
