{
    "QA": 0.011758459632117,
    "NCGA": 0,
    "CGA": 0,
    "CCGA": 0,
    "CA": 0.113928459255378,
    "PIS": 0,
    "HYP": 0.3033649586520965,
    "AST": 0,
    "GUA": 0,
    "RUT": 0,
    "VR": 0.3005152122232365,
    "VG": 0,
    "PB2": 0,
    "PC1": 0,
    "EPI": 0,
    "OA": 0.00688842480665608,
    "UA": 0.0232186848859176,
    "MA": 0.108972688038807,
    "CRA": 0,
    "QUE": 0,
    "MDA": 0
}