{
    "QA": 0.011758459632117,
    "NCGA": 0,
    "CGA": 0,
    "CCGA": 0,
    "CA": 0.113928459255378,
    "PIS": 0,
    "HYP": 0.21010236004585 + 0.0763517896756712 + 0.0157069022188682 + 0.00120390671170711,
    "AST": 0,
    "GUA": 0,
    "RUT": 0,
    "VR": 0.0208902884673905 + 0.279624923755846,
    "VG": 0,
    "PB2": 0,
    "PC1": 0,
    "EPI": 0,
    "OA": 0.00688842480665608,
    "UA": 0.0120783966067667 + 0.0111402882791509,
    "MA": 0.108972688038807,
    "CRA": 0,
    "QUE": 0,
    "MDA": 0
}