{
    "皮尔逊相关系数(测试)": 0.86776941659869866,
    "皮尔逊相关系数(训练)": 0.87333644430924906,
    "平均相对误差(测试)": 2.74596305113801,
    "平均相对误差(训练)": 2.3574806852981,
    "平均绝对误差(测试)": 0.020585454497077455,
    "平均绝对误差(训练)": 0.018182586660249116,
    "均方误差(测试)": 0.00073464638025446652,
    "均方误差(训练)": 0.00053687909383770213,
    "归一化均方误差(测试)": 0.14358163045309325,
    "归一化均方误差(训练)": 0.12666355569075077,
    "均方根误差(测试)": 0.027104360908430703,
    "均方根误差(训练)": 0.023170651562649292,
    "模型深度": 14,
    "模型长度": 39
}