{
    "Addition": {
        "Multiplication": {
            "Addition": {
                "Subtraction": {
                    "Division": {
                        "Multiplication": {
                            "Addition": {
                                "1.9105 * HYP": 0.0157069022188682,
                                "Subtraction": {
                                    "Addition": {
                                        "Addition": {
                                            "0.6015 * QA": 0.011758459632117,
                                            "0.4274 * HYP": 0.00120390671170711
                                        },
                                        "1.2977 * CA": 0.113928459255378
                                    },
                                    "-10.458": 0
                                }
                            },
                            "Addition": {
                                "-1.9323": 0,
                                "Multiplication": {
                                    "-0.0781 * MA": 0.108972688038807,
                                    "Addition": {
                                        "Addition": {
                                            "Addition": {
                                                "-1.9323": 0,
                                                "1.4812 * OA": 0.00688842480665608
                                            },
                                            "0.5974 * UA": 0.0111402882791509
                                        },
                                        "0.6078 * UA": 0.0120783966067667
                                    }
                                }
                            }
                        },
                        "2.9628 * VR": 0.279624923755846
                    },
                    "Division": {
                        "2.6756": 0,
                        "0.4083 * HYP": 0.0763517896756712
                    }
                },
                "Division": {
                    "1.2192 * VR": 0.0208902884673905,
                    "Subtraction": {
                        "5.4189": 0,
                        "1.9105 * HYP": 0.21010236004585
                    }
                }
            },
            "0.0054": 0
        },
        "0.9305": 0
    }
}